{
  "results": [
    {
      "command": "disky",
      "mean": 0.021905156680000003,
      "stddev": 0.00035219622587557653,
      "median": 0.021842572680000002,
      "user": 0.016502659999999995,
      "system": 0.01260934,
      "min": 0.02144682368,
      "max": 0.022374323680000002,
      "times": [
        0.02210528168,
        0.022374323680000002,
        0.021756781680000004,
        0.02144682368,
        0.021842572680000002
      ],
      "memory_usage_byte": [
        35241984,
        35241984,
        35241984,
        35241984,
        35241984
      ],
      "exit_codes": [
        0,
        0,
        0,
        0,
        0
      ]
    },
    {
      "command": "dust",
      "mean": 0.012030398279999998,
      "stddev": 0.0007979263992915011,
      "median": 0.01199998968,
      "user": 0.00527246,
      "system": 0.02089814,
      "min": 0.01123736568,
      "max": 0.01311186468,
      "times": [
        0.01311186468,
        0.01249890668,
        0.01199998968,
        0.01130386468,
        0.01123736568
      ],
      "memory_usage_byte": [
        35241984,
        35241984,
        35241984,
        35241984,
        35241984
      ],
      "exit_codes": [
        0,
        0,
        0,
        0,
        0
      ]
    },
    {
      "command": "dua",
      "mean": 0.0060551734799999994,
      "stddev": 0.0009890220390204659,
      "median": 0.006129031679999999,
      "user": 0.004019859999999999,
      "system": 0.006841139999999998,
      "min": 0.005078239679999999,
      "max": 0.0075830316799999995,
      "times": [
        0.00528274068,
        0.005078239679999999,
        0.006202823679999999,
        0.0075830316799999995,
        0.006129031679999999
      ],
      "memory_usage_byte": [
        35241984,
        35241984,
        35241984,
        35241984,
        35241984
      ],
      "exit_codes": [
        0,
        0,
        0,
        0,
        0
      ]
    },
    {
      "command": "gdu",
      "mean": 0.008817489879999998,
      "stddev": 0.0005028193875470596,
      "median": 0.00859994768,
      "user": 0.00786546,
      "system": 0.012173539999999998,
      "min": 0.00831694868,
      "max": 0.00961803168,
      "times": [
        0.00961803168,
        0.00859994768,
        0.00831694868,
        0.00896223968,
        0.008590281679999999
      ],
      "memory_usage_byte": [
        35241984,
        35241984,
        35241984,
        35241984,
        35241984
      ],
      "exit_codes": [
        0,
        0,
        0,
        0,
        0
      ]
    },
    {
      "command": "du",
      "mean": 0.0064579562800000006,
      "stddev": 0.006257283475465597,
      "median": 0.00328044768,
      "user": 0.0006316599999999997,
      "system": 0.0030005399999999995,
      "min": 0.00261103168,
      "max": 0.017419947680000002,
      "times": [
        0.0031104896799999996,
        0.017419947680000002,
        0.005867864679999999,
        0.00261103168,
        0.00328044768
      ],
      "memory_usage_byte": [
        35241984,
        35241984,
        35241984,
        35241984,
        35241984
      ],
      "exit_codes": [
        0,
        0,
        0,
        0,
        0
      ]
    }
  ],
  "tree_path": "/tmp/disky-bench-tree-1000",
  "tree_files": 1000,
  "tree_bytes": 27443200,
  "ts": "2026-05-22T07:21:10Z"
}