{
  "results": [
    {
      "command": "disky",
      "mean": 0.04789319190000001,
      "stddev": 0.0007064668756556822,
      "median": 0.04756776670000001,
      "user": 0.030055999999999992,
      "system": 0.04296664000000001,
      "min": 0.047137891700000004,
      "max": 0.04881805870000001,
      "times": [
        0.047495475700000005,
        0.04756776670000001,
        0.04881805870000001,
        0.048446766700000005,
        0.047137891700000004
      ],
      "memory_usage_byte": [
        40894464,
        40894464,
        40894464,
        41091072,
        41091072
      ],
      "exit_codes": [
        0,
        0,
        0,
        0,
        0
      ]
    },
    {
      "command": "dust",
      "mean": 0.022136241700000003,
      "stddev": 0.00021058127488810568,
      "median": 0.0222251417,
      "user": 0.015961399999999994,
      "system": 0.08832544,
      "min": 0.0217598087,
      "max": 0.022242808700000002,
      "times": [
        0.0217598087,
        0.0222221417,
        0.022242808700000002,
        0.0222313077,
        0.0222251417
      ],
      "memory_usage_byte": [
        41091072,
        41091072,
        41091072,
        41091072,
        41091072
      ],
      "exit_codes": [
        0,
        0,
        0,
        0,
        0
      ]
    },
    {
      "command": "dua",
      "mean": 0.014699316699999998,
      "stddev": 0.0002719461590149785,
      "median": 0.014837849699999999,
      "user": 0.018999399999999996,
      "system": 0.02349424,
      "min": 0.0143522247,
      "max": 0.014980099699999999,
      "times": [
        0.014837849699999999,
        0.0148564757,
        0.014980099699999999,
        0.0144699337,
        0.0143522247
      ],
      "memory_usage_byte": [
        41091072,
        41091072,
        41091072,
        41091072,
        41091072
      ],
      "exit_codes": [
        0,
        0,
        0,
        0,
        0
      ]
    },
    {
      "command": "gdu",
      "mean": 0.0191546085,
      "stddev": 0.0004198310494481086,
      "median": 0.0189396417,
      "user": 0.0178646,
      "system": 0.08263284,
      "min": 0.0187486007,
      "max": 0.0196750997,
      "times": [
        0.0195350167,
        0.0187486007,
        0.0196750997,
        0.0189396417,
        0.018874683700000002
      ],
      "memory_usage_byte": [
        41091072,
        41091072,
        41091072,
        41091072,
        41091072
      ],
      "exit_codes": [
        0,
        0,
        0,
        0,
        0
      ]
    },
    {
      "command": "du",
      "mean": 0.0108603581,
      "stddev": 0.0004541234168002129,
      "median": 0.0109705997,
      "user": 0.0011465999999999998,
      "system": 0.00941784,
      "min": 0.0103451827,
      "max": 0.0114109337,
      "times": [
        0.0114109337,
        0.0103451827,
        0.010445766700000001,
        0.0111293077,
        0.0109705997
      ],
      "memory_usage_byte": [
        41091072,
        41091072,
        41091072,
        41091072,
        41091072
      ],
      "exit_codes": [
        0,
        0,
        0,
        0,
        0
      ]
    }
  ],
  "tree_path": "/tmp/disky-bench-tree-10000",
  "tree_files": 10000,
  "tree_bytes": 274432000,
  "ts": "2026-05-22T07:43:59Z"
}